{
  "CTk": {
    "fg_color": ["gray92", "gray14"]
  },
  "CTkToplevel": {
    "fg_color": ["gray92", "gray14"]
  },
  "CTkFrame": {
    "corner_radius": 4,
    "border_width": 0,
    "fg_color": ["gray86", "gray17"],
    "top_fg_color": ["gray81", "gray20"],
    "border_color": ["gray65", "gray28"]
  },
  "CTkButton": {
    "corner_radius": 6,
    "border_width": 0,
    "fg_color": ["#2CC985", "#2FA572"],
    "hover_color": ["#38576B", "#38576B"],
    "border_color": ["#3E454A", "#949A9F"],
    "text_color": ["gray98", "#DCE4EE"],
    "text_color_disabled": ["gray78", "gray68"]
  },
  "CTkLabel": {
    "corner_radius": 0,
    "fg_color": "transparent",
    "text_color": ["#333432", "#FEFFFF"]
  },
  "CTkEntry": {
    "corner_radius": 6,
    "border_width": 2,
    "fg_color": ["#F9F9FA", "#343638"],
    "border_color": ["#979DA2", "#565B5E"],
    "text_color":["gray10", "#DCE4EE"],
    "placeholder_text_color": ["gray52", "gray62"]
  },
  "CTkOptionMenu": {
    "corner_radius": 6,
    "fg_color": ["#FEFFFF", "#333432"],
    "button_color": ["#FEFFFF", "#333432"],
    "button_hover_color": ["#D1D1D1", "#403D3D"],
    "text_color": ["#333432", "#FEFFFF"],
    "text_color_disabled": ["gray78", "gray68"]
  },
  "DropdownMenu": {
    "fg_color": ["gray90", "gray20"],
    "hover_color": ["gray75", "gray28"],
    "text_color": ["gray10", "gray90"]
  },
  "CTkFont": {
    "macOS": {
      "family": "SF Display",
      "size": 13,
      "weight": "normal"
    },
    "Windows": {
      "family": "Roboto",
      "size": 13,
      "weight": "normal"
    },
    "Linux": {
      "family": "Roboto",
      "size": 13,
      "weight": "normal"
    }
  }
}
